N,P,K,temperature,humidity,ph,rainfall,label
90,42,43,20.87974371,82.00274423,6.502985292,202.9355362,rice
85,58,41,21.77046169,80.31964408,7.038096361,226.6555374,rice
60,55,44,23.00445915,82.32075195,7.840207144,263.9642476,wheat
74,35,40,26.49109635,80.15836264,6.980400905,242.8640342,wheat
78,42,42,20.13017482,81.60487365,7.628472891,262.7173405,maize
69,37,42,23.05804872,83.37011019,7.073453503,251.1357725,maize
99,55,48,22.70883798,82.63941394,5.70080568,250.4296411,cotton
85,56,39,22.27124007,82.89794561,5.795377513,259.7941848,cotton
